Catalogue	Full Name	Alternatives	Species	Sample Type	Detection Range	Sensitivity	Experimental Method	Size	Marketing Price（USD）	Size	Marketing Price(USD)	Shelf Life	Gene ID	UniProtKB	Product Link
RD-C4-Mu	Mouse Complement Component 4 (C4) ELISA Kit	C4BP-a,Complement Component 4 Binding Protein,Alpha  	Mus musculus mouse  	serum, plasma and other biological fluids.  	15.625-1000ng/mL  	4.79ng/mL  	sandwich  	96T  	603.3	48T  	422.3	12 months  	  	  	https://www.reddotbiotech.ca/elisa_kits/product/1476/Mouse_Complement_Component_4_C4_ELISA_Kit/
RDR-C4-Mu	Mouse Complement Component 4 (C4) ELISA Kit	C4BP-a,Complement Component 4 Binding Protein,Alpha  	Mus musculus mouse  	serum, plasma and other biological fluids.  	15.6-1000ng/mL  	4.79ng/mL  	sandwich  	96T  	633.47	48T  	443.42	12 months  			https://www.reddotbiotech.ca/elisa_kits/product/12042/Mouse_Complement_Component_4_C4_ELISA_Kit/
RD-FG-b	Bovine Fibrinogen (FG) ELISA Kit	F1,FI,Fbg,Coagulation Factor I  	Bos taurus; Bovine Cattle  	plasma.  	12.5-800ng/mL  	5.1ng/mL  	sandwich  	96T  	693.3	48T  	485.3	12 months  	  	  	https://www.reddotbiotech.ca/elisa_kits/product/2703/Bovine_Fibrinogen_FG_ELISA_Kit/
RDR-FG-b	Bovine Fibrinogen (FG) ELISA Kit	F1,FI,Fbg,Coagulation Factor I  	Bos taurus; Bovine Cattle  	plasma.  	12.5-800ng/mL  	5.1ng/mL  	sandwich  	96T  	727.97	48T  	509.57	12 months  			https://www.reddotbiotech.ca/elisa_kits/product/8645/Bovine_Fibrinogen_FG_ELISA_Kit/
RD-LZM-b	Bovine Lysozyme (LZM) ELISA Kit	LYZ,Renal Amyloidosis,N-Acetylmuramide Glycanhydrolase,Muramidase,1,4-beta-N-acetylmuramidase C  	Bos taurus; Bovine Cattle  	serum, plasma and other biological fluids.  	0.312-20ng/mL  	0.141ng/mL  	sandwich  	96T  	728.3	48T  	509.8	12 months  			https://www.reddotbiotech.ca/elisa_kits/product/3830/Bovine_Lysozyme_LZM_ELISA_Kit/
RDR-LZM-b	Bovine Lysozyme (LZM) ELISA Kit	LYZ,Renal Amyloidosis,N-Acetylmuramide Glycanhydrolase,Muramidase,1,4-beta-N-acetylmuramidase C  	Bos taurus; Bovine Cattle  	serum, plasma and other biological fluids.  	0.312-20ng/mL  	0.141ng/mL  	sandwich  	96T  	764.72	48T  	535.29	12 months  			https://www.reddotbiotech.ca/elisa_kits/product/8620/Bovine_Lysozyme_LZM_ELISA_Kit/
RD-D2D-Eq	Equine D-Dimer (D2D) ELISA Kit	D 2 Dimer  	Equus caballus; Equine Horse  	plasma.  	78.125-5000ng/mL  	22.8ng/mL  	competitive inhibition  	96T  	708.3	48T  	495.8	12 months  	  	  	https://www.reddotbiotech.ca/elisa_kits/product/2218/Equine_D_Dimer_D2D_ELISA_Kit/
RDR-D2D-Eq	Equine D-Dimer (D2D) ELISA Kit	D 2 Dimer  	Equus caballus; Equine Horse  	plasma.  	78.1-5000ng/mL  	22.8ng/mL  	competitive inhibition  	96T  	743.72	48T  	520.59	12 months  			https://www.reddotbiotech.ca/elisa_kits/product/8508/Equine_D_Dimer_D2D_ELISA_Kit/
RD-8-epi-PGF2a-Ge	General 8-Epi Prostaglandin F2 Alpha (8-epi-PGF2a) ELISA Kit	8epi-PGF2a  	General  	serum, plasma and other biological fluids.  	15.625-1000pg/mL  	5.62pg/mL  	competitive inhibition  	96T  	573.3	48T  	401.3	12 months  			https://www.reddotbiotech.ca/elisa_kits/product/795/General_8_Epi_Prostaglandin_F2_Alpha_8_epi_PGF2a_ELISA_Kit/
RDR-8-epi-PGF2a-Ge	General 8-Epi Prostaglandin F2 Alpha (8-epi-PGF2a) ELISA Kit	8epi-PGF2a  	General  	serum, plasma and other biological fluids.  	15.625-1000pg/mL  	5.62pg/mL  	competitive inhibition  	96T  	601.9	48T  	421.3	12 months  			https://www.reddotbiotech.ca/elisa_kits/product/13434/General_8_Epi_Prostaglandin_F2_Alpha_8_epi_PGF2a_ELISA_Kit/
RD-OVA-Ge	General Ovalbumin (OVA) ELISA Kit	  	General  	serum, plasma, tissue homogenates, cell lysates, cell culture supernatants and other biological fluids.  	0.156-10ng/mL  	0.069ng/mL  	competitive inhibition  	96T  	403.3	48T  	282.3	12 months  	  	  	https://www.reddotbiotech.ca/elisa_kits/product/4541/General_Ovalbumin_OVA_ELISA_Kit/
RDR-OVA-Ge	General Ovalbumin (OVA) ELISA Kit	  	General  	serum, plasma, tissue homogenates, cell lysates, cell culture supernatants and other biological fluids.  	0.156-10ng/mL  	0.069ng/mL  	competitive inhibition  	96T  	423.47	48T  	296.42	12 months  			https://www.reddotbiotech.ca/elisa_kits/product/8506/General_Ovalbumin_OVA_ELISA_Kit/
RD-VD1-Ge	General Vitamin D1 (VD1) ELISA Kit	Lumisterol,VD,Lamisterol,Vitamin D,Vitamin D1  	General  	serum, plasma, tissue homogenates and other biological fluids.  	6.25-400ng/mL  	3.08ng/mL  	competitive inhibition  	96T  	811.7	48T  	568.2	12 months  			https://www.reddotbiotech.ca/elisa_kits/product/13430/General_Vitamin_D1_VD1_ELISA_Kit/
RDR-VD1-Ge	General Vitamin D1 (VD1) ELISA Kit	Lumisterol,VD,Lamisterol,Vitamin D,Vitamin D1  	General  	serum, plasma, tissue homogenates and other biological fluids.  	6.25-400ng/mL  	3.08ng/mL  	competitive inhibition  	96T  	852.29	48T  	596.61	12 months  			https://www.reddotbiotech.ca/elisa_kits/product/11761/General_Vitamin_D1_VD1_ELISA_Kit/
RD-AP12-Hu	Human Apelin 12 (AP12) ELISA Kit	APLN12  	Homo sapiens human  	serum, plasma, tissue homogenates, cell lysates, cell culture supernatants and other biological fluids.  	93.75-6000pg/mL  	25.16pg/mL  	competitive inhibition  	96T  	588.3	48T  	411.8	12 months  	  		https://www.reddotbiotech.ca/elisa_kits/product/1149/Human_Apelin_12_AP12_ELISA_Kit/
RDR-AP12-Hu	Human Apelin 12 (AP12) ELISA Kit	APLN12  	Homo sapiens human  	serum, plasma, tissue homogenates, cell lysates, cell culture supernatants and other biological fluids.  	93.7-6000pg/mL  	25.16pg/mL  	competitive inhibition  	96T  	617.72	48T  	432.39	12 months  			https://www.reddotbiotech.ca/elisa_kits/product/8851/Human_Apelin_12_AP12_ELISA_Kit/
RD-BK-Hu	Human Bradykinin (BK) ELISA Kit	  	Homo sapiens human  	serum, plasma, tissue homogenates, cell lysates, cell culture supernatants and other biological fluids.  	31.2-2000pg/mL  	8.65pg/mL  	competitive inhibition  	96T  	588.3	48T  	411.8	12 months  			https://www.reddotbiotech.ca/elisa_kits/product/13380/Human_Bradykinin_BK_ELISA_Kit/
RDR-BK-Hu	Human Bradykinin (BK) ELISA Kit	  	Homo sapiens human  	serum, plasma, tissue homogenates, cell lysates, cell culture supernatants and other biological fluids.  	31.2-2000pg/mL  	8.65pg/mL  	competitive inhibition  	96T  	617.72	48T  	432.39	12 months  			https://www.reddotbiotech.ca/elisa_kits/product/10050/Human_Bradykinin_BK_ELISA_Kit/
RD-C1q-Hu	Human Complement 1q (C1q) ELISA Kit	C1-q  	Homo sapiens human  	serum, plasma, tissue homogenates, cell lysates, cell culture supernatants and other biological fluids.  	78.125-5000pg/mL  	35pg/mL  	sandwich  	96T  	396.7	48T  	277.7	12 months  	  		https://www.reddotbiotech.ca/elisa_kits/product/1448/Human_Complement_1q_C1q_ELISA_Kit/
RDR-C1q-Hu	Human Complement 1q (C1q) ELISA Kit	C1-q  	Homo sapiens human  	serum, plasma, tissue homogenates, cell lysates, cell culture supernatants and other biological fluids.  	78.1-5000pg/mL  	35pg/mL  	sandwich  	96T  	416.54	48T  	291.59	12 months  			https://www.reddotbiotech.ca/elisa_kits/product/9408/Human_Complement_1q_C1q_ELISA_Kit/
RD-C3c-Hu	Human Complement C3 Convertase (C3c) ELISA Kit	C4b2a  	Homo sapiens human  	serum, plasma, tissue homogenates, cell lysates, cell culture supernatants and other biological fluids.  	0.781-50ng/mL  	0.37ng/mL  	sandwich  	96T  	530	48T  	371	12 months  	  	  	https://www.reddotbiotech.ca/elisa_kits/product/1462/Human_Complement_C3_Convertase_C3c_ELISA_Kit/
RDR-C3c-Hu	Human Complement C3 Convertase (C3c) ELISA Kit	C4b2a  	Homo sapiens human  	serum, plasma, tissue homogenates, cell lysates, cell culture supernatants and other biological fluids.  	0.781-50ng/mL  	0.37ng/mL  	sandwich  	96T  	556.5	48T  	389.55	12 months  			https://www.reddotbiotech.ca/elisa_kits/product/9410/Human_Complement_C3_Convertase_C3c_ELISA_Kit/
RD-C4-Hu	Human Complement Component 4 (C4) ELISA Kit	C4BP-a,Complement Component 4 Binding Protein,Alpha  	Homo sapiens human  	serum, plasma, tissue homogenates, cell lysates, cell culture supernatants and other biological fluids.  	4.687-300ng/mL  	1.9ng/mL  	sandwich  	96T  	588.3	48T  	411.8	12 months  	  	  	https://www.reddotbiotech.ca/elisa_kits/product/1475/Human_Complement_Component_4_C4_ELISA_Kit/
RDR-C4-Hu	Human Complement Component 4 (C4) ELISA Kit	C4BP-a,Complement Component 4 Binding Protein,Alpha  	Homo sapiens human  	serum, plasma, tissue homogenates, cell lysates, cell culture supernatants and other biological fluids.  	4.68-300ng/mL  	1.9ng/mL  	sandwich  	96T  	617.72	48T  	432.39	12 months  			https://www.reddotbiotech.ca/elisa_kits/product/9419/Human_Complement_Component_4_C4_ELISA_Kit/
RD-C4a-Hu	Human Complement Component 4a (C4a) ELISA Kit	C4a anaphylatoxin  	Homo sapiens human  	serum, plasma and other biological fluids.  	0.156-10ng/mL  	0.058ng/mL  	sandwich  	96T  	588.3	48T  	411.8	12 months  	720	P0C0L4	https://www.reddotbiotech.ca/elisa_kits/product/1467/Human_Complement_Component_4a_C4a_ELISA_Kit/
RDR-C4a-Hu	Human Complement Component 4a (C4a) ELISA Kit	C4a anaphylatoxin  	Homo sapiens human  	serum, plasma and other biological fluids.  	0.156-10ng/mL  	0.058ng/mL  	sandwich  	96T  	617.72	48T  	432.39	12 months  	720	P0C0L4	https://www.reddotbiotech.ca/elisa_kits/product/9420/Human_Complement_Component_4a_C4a_ELISA_Kit/
RD-C4d-Hu	Human Complement Component 4d (C4d) ELISA Kit	  	Homo sapiens human  	serum, plasma and other biological fluids.  	9.375-600pg/mL  	4.2pg/mL  	sandwich  	96T  	705	48T  	493.5	12 months  	  	  	https://www.reddotbiotech.ca/elisa_kits/product/1474/Human_Complement_Component_4d_C4d_ELISA_Kit/
RDR-C4d-Hu	Human Complement Component 4d (C4d) ELISA Kit	  	Homo sapiens human  	serum, plasma and other biological fluids.  	9.37-600pg/mL  	4.2pg/mL  	sandwich  	96T  	740.25	48T  	518.18	12 months  			https://www.reddotbiotech.ca/elisa_kits/product/9422/Human_Complement_Component_4d_C4d_ELISA_Kit/
RD-H1-Hu	Human Histone H1 (H1) ELISA Kit	  	Homo sapiens human  	tissue homogenates, cell lysates and other biological fluids.  	0.312-20ng/mL  	0.128ng/mL  	sandwich  	96T  	646.7	48T  	452.7	12 months  	  	  	https://www.reddotbiotech.ca/elisa_kits/product/3149/Human_Histone_H1_H1_ELISA_Kit/
RDR-H1-Hu	Human Histone H1 (H1) ELISA Kit	  	Homo sapiens human  	tissue homogenates, cell lysates and other biological fluids.  	0.312-20ng/mL  	0.128ng/mL  	sandwich  	96T  	679.04	48T  	475.34	12 months  			https://www.reddotbiotech.ca/elisa_kits/product/11628/Human_Histone_H1_H1_ELISA_Kit/
RD-LN-Hu	Human Laminin (LN) ELISA Kit	LAM  	Homo sapiens human  	serum, plasma, tissue homogenates, cell lysates, cell culture supernatants and other biological fluids.  	78.125-5000pg/mL  	31pg/mL  	sandwich  	96T  	588.3	48T  	411.8	12 months  	3915	P11047	https://www.reddotbiotech.ca/elisa_kits/product/3757/Human_Laminin_LN_ELISA_Kit/
RDR-LN-Hu	Human Laminin (LN) ELISA Kit	LAM  	Homo sapiens human  	serum, plasma, tissue homogenates, cell lysates, cell culture supernatants and other biological fluids.  	78.1-5000pg/mL  	31pg/mL  	sandwich  	96T  	617.72	48T  	432.39	12 months  	3915	P11047	https://www.reddotbiotech.ca/elisa_kits/product/9447/Human_Laminin_LN_ELISA_Kit/
RD-MMP23A-Hu	Human Matrix Metalloproteinase 23A (MMP23A) ELISA Kit	CA-MMP,MMP23-A,MIFR,MIFR-1,MMP-21,Pseudogene,Femalysin,Matrix metalloproteinase-23, soluble form  	Homo sapiens human  	serum, plasma, tissue homogenates, cell lysates, cell culture supernatants and other biological fluids.  	1.56-100ng/mL  	0.5ng/mL  	sandwich  	96T  	588.3	48T  	411.8	12 months  	8510	O75900	https://www.reddotbiotech.ca/elisa_kits/product/4031/Human_Matrix_Metalloproteinase_23A_MMP23A_ELISA_Kit/
RDR-MMP23A-Hu	Human Matrix Metalloproteinase 23A (MMP23A) ELISA Kit	CA-MMP,MMP23-A,MIFR,MIFR-1,MMP-21,Pseudogene,Femalysin,Matrix metalloproteinase-23, soluble form  	Homo sapiens human  	serum, plasma, tissue homogenates, cell lysates, cell culture supernatants and other biological fluids.  	1.56-100ng/mL  	0.5ng/mL  	sandwich  	96T  	617.72	48T  	432.39	12 months  	8510	O75900	https://www.reddotbiotech.ca/elisa_kits/product/10118/Human_Matrix_Metalloproteinase_23A_MMP23A_ELISA_Kit/
RD-PCI-Hu	Human Procollagen I (PCI) ELISA Kit	PCOL-I,PC-I,PC1,Type I Procollagen  	Homo sapiens human  	serum, plasma and other biological fluids.  	62.5-4000pg/mL  	22.3pg/mL  	sandwich  	96T  	588.3	48T  	411.8	12 months  	  	  	https://www.reddotbiotech.ca/elisa_kits/product/4616/Human_Procollagen_I_PCI_ELISA_Kit/
RDR-PCI-Hu	Human Procollagen I (PCI) ELISA Kit	PCOL-I,PC-I,PC1,Type I Procollagen  	Homo sapiens human  	serum, plasma and other biological fluids.  	62.5-4000pg/mL  	22.3pg/mL  	sandwich  	96T  	617.72	48T  	432.39	12 months  			https://www.reddotbiotech.ca/elisa_kits/product/8800/Human_Procollagen_I_PCI_ELISA_Kit/
RD-PCII-Hu	Human Procollagen II (PCII) ELISA Kit	PCOL-II,PC-II,PC2,Type II Procollagen  	Homo sapiens human  	serum, plasma and other biological fluids.  	0.312-20ng/mL  	0.107ng/mL  	sandwich  	96T  	646.7	48T  	452.7	12 months  	  	  	https://www.reddotbiotech.ca/elisa_kits/product/4617/Human_Procollagen_II_PCII_ELISA_Kit/
RDR-PCII-Hu	Human Procollagen II (PCII) ELISA Kit	PCOL-II,PC-II,PC2,Type II Procollagen  	Homo sapiens human  	serum, plasma and other biological fluids.  	0.312-20ng/mL  	0.107ng/mL  	sandwich  	96T  	679.04	48T  	475.34	12 months  			https://www.reddotbiotech.ca/elisa_kits/product/8809/Human_Procollagen_II_PCII_ELISA_Kit/
RD-PCIII-Hu	Human Procollagen III (PCIII) ELISA Kit	PCOL-III,PC-III,PC3,Type III Procollagen  	Homo sapiens human  	serum, plasma, tissue homogenates and other biological fluids.  	0.156-10ng/mL  	0.063ng/mL  	sandwich  	96T  	646.7	48T  	452.7	12 months  	  	  	https://www.reddotbiotech.ca/elisa_kits/product/4618/Human_Procollagen_III_PCIII_ELISA_Kit/
RDR-PCIII-Hu	Human Procollagen III (PCIII) ELISA Kit	PCOL-III,PC-III,PC3,Type III Procollagen  	Homo sapiens human  	serum, plasma, tissue homogenates and other biological fluids.  	0.156-10ng/mL  	0.063ng/mL  	sandwich  	96T  	679.04	48T  	475.34	12 months  			https://www.reddotbiotech.ca/elisa_kits/product/8814/Human_Procollagen_III_PCIII_ELISA_Kit/
RD-Salusina-Hu	Human Salusin Alpha ELISA Kit	  	Homo sapiens human  	serum, plasma, tissue homogenates, cell lysates, cell culture supernatants and other biological fluids.  	15.625-1000pg/mL  	4.47pg/mL  	competitive inhibition  	96T  	617.5	48T  	432.3	12 months  			https://www.reddotbiotech.ca/elisa_kits/product/6193/Human_Salusin_Alpha_ELISA_Kit/
RDR-Salusina-Hu	Human Salusin Alpha ELISA Kit	  	Homo sapiens human  	serum, plasma, tissue homogenates, cell lysates, cell culture supernatants and other biological fluids.  	15.625-1000pg/mL  	4.47pg/mL  	competitive inhibition  	96T  	648.3	48T  	453.9	12 months  			https://www.reddotbiotech.ca/elisa_kits/product/13439/Human_Salusin_Alpha_ELISA_Kit/
RD-aFP-Si	Monkey Alpha-Fetoprotein (aFP) ELISA Kit	A-FP,FETA,HPAFP,Alpha-Fetoglobulin,Alpha-1-fetoprotein  	Rhesus monkey Simian  	serum, plasma, tissue homogenates, cell lysates, cell culture supernatants and other biological fluids.  	1.56-100ng/mL  	1.2ng/mL  	sandwich  	96T  	738.3	48T  	516.8	12 months  			https://www.reddotbiotech.ca/elisa_kits/product/974/Monkey_Alpha_Fetoprotein_aFP_ELISA_Kit/
RDR-aFP-Si	Monkey Alpha-Fetoprotein (aFP) ELISA Kit	A-FP,FETA,HPAFP,Alpha-Fetoglobulin,Alpha-1-fetoprotein  	Rhesus monkey Simian  	serum, plasma, tissue homogenates, cell lysates, cell culture supernatants and other biological fluids.  	1.56-100ng/mL  	1.2ng/mL  	sandwich  	96T  	775.22	48T  	542.64	12 months  			https://www.reddotbiotech.ca/elisa_kits/product/8454/Monkey_Alpha_Fetoprotein_aFP_ELISA_Kit/
RD-FSH-Si	Monkey Follicle Stimulating Hormone (FSH) ELISA Kit	  	Rhesus monkey Simian  	serum, plasma and other biological fluids.  	3.125-200ng/mL  	1.22ng/mL  	competitive inhibition  	96T  	738.3	48T  	516.8	12 months  	  	  	https://www.reddotbiotech.ca/elisa_kits/product/2782/Monkey_Follicle_Stimulating_Hormone_FSH_ELISA_Kit/
RDR-FSH-Si	Monkey Follicle Stimulating Hormone (FSH) ELISA Kit	  	Rhesus monkey Simian  	serum, plasma and other biological fluids.  	3.12-200ng/mL  	1.22ng/mL  	competitive inhibition  	96T  	775.22	48T  	542.64	12 months  			https://www.reddotbiotech.ca/elisa_kits/product/8447/Monkey_Follicle_Stimulating_Hormone_FSH_ELISA_Kit/
RD-GLb-Si	Monkey Galactosidase Beta (GLb) ELISA Kit	GL-B,b-GAL,bGAL,ELNR1,EBP,GLB1,Lactase,Elastin Receptor 1,67kDa,Elastin Receptor 1(67kD),Acid Beta-Galactosidase  	Rhesus monkey Simian  	serum, plasma, tissue homogenates, cell lysates, cell culture supernatants and other biological fluids.  	3.125-200U/L  	1.54U/L  	sandwich  	96T  	738.3	48T  	516.8	12 months  	  	  	https://www.reddotbiotech.ca/elisa_kits/product/2971/Monkey_Galactosidase_Beta_GLb_ELISA_Kit/
RDR-GLb-Si	Monkey Galactosidase Beta (GLb) ELISA Kit	GL-B,b-GAL,bGAL,ELNR1,EBP,GLB1,Lactase,Elastin Receptor 1,67kDa,Elastin Receptor 1(67kD),Acid Beta-Galactosidase  	Rhesus monkey Simian  	serum, plasma, tissue homogenates, cell lysates, cell culture supernatants and other biological fluids.  	3.12-200U/L  	1.54U/L  	sandwich  	96T  	775.22	48T  	542.64	12 months  			https://www.reddotbiotech.ca/elisa_kits/product/8446/Monkey_Galactosidase_Beta_GLb_ELISA_Kit/
RD-GAL14-Si	Monkey Galectin 14 (GAL14) ELISA Kit	LGALS14,CLC2,PPL13,Placental Protein 13-Like,Lectin,Galactoside-Binding Soluble 14,Charcot-Leyden crystal protein 2  	Rhesus monkey Simian  	serum, plasma, tissue homogenates, cell lysates, cell culture supernatants and other biological fluids.  	0.156-10ng/mL  	0.048ng/mL  	sandwich  	96T  	738.3	48T  	516.8	12 months  	698227	  	https://www.reddotbiotech.ca/elisa_kits/product/2838/Monkey_Galectin_14_GAL14_ELISA_Kit/
RDR-GAL14-Si	Monkey Galectin 14 (GAL14) ELISA Kit	LGALS14,CLC2,PPL13,Placental Protein 13-Like,Lectin,Galactoside-Binding Soluble 14,Charcot-Leyden crystal protein 2  	Rhesus monkey Simian  	serum, plasma, tissue homogenates, cell lysates, cell culture supernatants and other biological fluids.  	0.156-10ng/mL  	0.048ng/mL  	sandwich  	96T  	775.22	48T  	542.64	12 months  	698227		https://www.reddotbiotech.ca/elisa_kits/product/8444/Monkey_Galectin_14_GAL14_ELISA_Kit/
RD-BK-Mu	Mouse Bradykinin (BK) ELISA Kit	  	Mus musculus mouse  	serum, plasma, tissue homogenates, cell lysates, cell culture supernatants and other biological fluids.  	31.2-2000pg/mL  	9.02pg/mL  	competitive inhibition  	96T  	603.3	48T  	422.3	12 months  			https://www.reddotbiotech.ca/elisa_kits/product/13381/Mouse_Bradykinin_BK_ELISA_Kit/
RDR-BK-Mu	Mouse Bradykinin (BK) ELISA Kit	  	Mus musculus mouse  	serum, plasma, tissue homogenates, cell lysates, cell culture supernatants and other biological fluids.  	31.2-2000pg/mL  	9.02pg/mL  	competitive inhibition  	96T  	633.47	48T  	443.42	12 months  			https://www.reddotbiotech.ca/elisa_kits/product/12309/Mouse_Bradykinin_BK_ELISA_Kit/
RD-D2D-Mu	Mouse D-Dimer (D2D) ELISA Kit	D 2 Dimer  	Mus musculus mouse  	plasma.  	78.125-5000ng/mL  	25.4ng/mL  	competitive inhibition  	96T  	543.3	48T  	380.3	12 months  	  	  	https://www.reddotbiotech.ca/elisa_kits/product/2220/Mouse_D_Dimer_D2D_ELISA_Kit/
RDR-D2D-Mu	Mouse D-Dimer (D2D) ELISA Kit	D 2 Dimer  	Mus musculus mouse  	plasma.  	78.1-5000ng/mL  	25.4ng/mL  	competitive inhibition  	96T  	570.47	48T  	399.32	12 months  			https://www.reddotbiotech.ca/elisa_kits/product/11859/Mouse_D_Dimer_D2D_ELISA_Kit/
RD-LDH-Mu	Mouse Lactate Dehydrogenase (LDH) ELISA Kit	  	Mus musculus mouse  	serum, plasma, tissue homogenates and other biological fluids.  	0.156-10ng/mL  	0.057ng/mL  	sandwich  	96T  	633.3	48T  	443.3	12 months  	16828	P06151	https://www.reddotbiotech.ca/elisa_kits/product/3676/Mouse_Lactate_Dehydrogenase_LDH_ELISA_Kit/
RDR-LDH-Mu	Mouse Lactate Dehydrogenase (LDH) ELISA Kit	  	Mus musculus mouse  	serum, plasma, tissue homogenates and other biological fluids.  	0.156-10ng/mL  	0.057ng/mL  	sandwich  	96T  	664.97	48T  	465.47	12 months  	16828	P06151	https://www.reddotbiotech.ca/elisa_kits/product/12601/Mouse_Lactate_Dehydrogenase_LDH_ELISA_Kit/
RD-LN-Mu	Mouse Laminin (LN) ELISA Kit	LAM  	Mus musculus mouse  	serum, plasma and other biological fluids.  	0.781-50ng/mL  	0.29ng/mL  	sandwich  	96T  	543.3	48T  	380.3	12 months  		P02468	https://www.reddotbiotech.ca/elisa_kits/product/3758/Mouse_Laminin_LN_ELISA_Kit/
RDR-LN-Mu	Mouse Laminin (LN) ELISA Kit	LAM  	Mus musculus mouse  	serum, plasma and other biological fluids.  	0.781-50ng/mL  	0.29ng/mL  	sandwich  	96T  	570.47	48T  	399.32	12 months  		P02468	https://www.reddotbiotech.ca/elisa_kits/product/12052/Mouse_Laminin_LN_ELISA_Kit/
RD-VP-Mu	Mouse Preprovasopressin (VP) ELISA Kit	AVP-NPII,ARVP,AVP,Vasopressin-Neurophysin 2-Copeptin,Arginine-vasopressin,Neurophysin 2,Copeptin  	Mus musculus mouse  	serum, plasma, tissue homogenates and other biological fluids.  	15.625-1000pg/mL  	5.8pg/mL  	sandwich  	96T  	663.3	48T  	464.3	12 months  	11998	P35455	https://www.reddotbiotech.ca/elisa_kits/product/6104/Mouse_Preprovasopressin_VP_ELISA_Kit/
RDR-VP-Mu	Mouse Preprovasopressin (VP) ELISA Kit	AVP-NPII,ARVP,AVP,Vasopressin-Neurophysin 2-Copeptin,Arginine-vasopressin,Neurophysin 2,Copeptin  	Mus musculus mouse  	serum, plasma, tissue homogenates and other biological fluids.  	15.6-1000pg/mL  	5.8pg/mL  	sandwich  	96T  	696.47	48T  	487.52	12 months  	11998	P35455	https://www.reddotbiotech.ca/elisa_kits/product/12395/Mouse_Preprovasopressin_VP_ELISA_Kit/
RD-PCI-Mu	Mouse Procollagen I (PCI) ELISA Kit	PCOL-I,PC-I,PC1,Type I Procollagen  	Mus musculus mouse  	serum, plasma, tissue homogenates, cell lysates, cell culture supernatants and other biological fluids.  	0.625-40ng/mL  	0.224ng/mL  	sandwich  	96T  	603.3	48T  	422.3	12 months  	  	  	https://www.reddotbiotech.ca/elisa_kits/product/4619/Mouse_Procollagen_I_PCI_ELISA_Kit/
RDR-PCI-Mu	Mouse Procollagen I (PCI) ELISA Kit	PCOL-I,PC-I,PC1,Type I Procollagen  	Mus musculus mouse  	serum, plasma, tissue homogenates, cell lysates, cell culture supernatants and other biological fluids.  	0.625-40ng/mL  	0.224ng/mL  	sandwich  	96T  	633.47	48T  	443.42	12 months  			https://www.reddotbiotech.ca/elisa_kits/product/11788/Mouse_Procollagen_I_PCI_ELISA_Kit/
RD-D2D-p	Porcine D-Dimer (D2D) ELISA Kit	D 2 Dimer  	Sus scrofa; Porcine Pig  	plasma.  	78.125-5000ng/mL  	22.5ng/mL  	competitive inhibition  	96T  	693.3	48T  	485.3	12 months  	  	  	https://www.reddotbiotech.ca/elisa_kits/product/2221/Porcine_D_Dimer_D2D_ELISA_Kit/
RDR-D2D-p	Porcine D-Dimer (D2D) ELISA Kit	D 2 Dimer  	Sus scrofa; Porcine Pig  	plasma.  	78.1-5000ng/mL  	22.5ng/mL  	competitive inhibition  	96T  	727.97	48T  	509.57	12 months  			https://www.reddotbiotech.ca/elisa_kits/product/13044/Porcine_D_Dimer_D2D_ELISA_Kit/
RD-BK-Rb	Rabbit Bradykinin (BK) ELISA Kit	  	Oryctolagus cuniculus Rabbit  	serum, plasma, tissue homogenates, cell lysates, cell culture supernatants and other biological fluids.  	0.156-10ng/mL  	0.05ng/mL  	competitive inhibition  	96T  	633.3	48T  	443.3	12 months  			https://www.reddotbiotech.ca/elisa_kits/product/13382/Rabbit_Bradykinin_BK_ELISA_Kit/
RDR-BK-Rb	Rabbit Bradykinin (BK) ELISA Kit	  	Oryctolagus cuniculus Rabbit  	serum, plasma, tissue homogenates, cell lysates, cell culture supernatants and other biological fluids.  	0.156-10ng/mL  	0.05ng/mL  	competitive inhibition  	96T  	664.97	48T  	465.47	12 months  			https://www.reddotbiotech.ca/elisa_kits/product/11699/Rabbit_Bradykinin_BK_ELISA_Kit/
RD-D2D-Rb	Rabbit D-Dimer (D2D) ELISA Kit	D 2 Dimer  	Oryctolagus cuniculus Rabbit  	plasma.  	3.125-200ng/mL  	1.27ng/mL  	competitive inhibition  	96T  	633.3	48T  	443.3	12 months  	  	  	https://www.reddotbiotech.ca/elisa_kits/product/2223/Rabbit_D_Dimer_D2D_ELISA_Kit/
RDR-D2D-Rb	Rabbit D-Dimer (D2D) ELISA Kit	D 2 Dimer  	Oryctolagus cuniculus Rabbit  	plasma.  	3.12-200ng/mL  	1.27ng/mL  	competitive inhibition  	96T  	664.97	48T  	465.47	12 months  			https://www.reddotbiotech.ca/elisa_kits/product/11683/Rabbit_D_Dimer_D2D_ELISA_Kit/
RD-BK-Ra	Rat Bradykinin (BK) ELISA Kit	  	Rattus norvegicus  Rat  	serum, plasma, tissue homogenates, cell lysates, cell culture supernatants and other biological fluids.  	31.25-2000pg/mL  	8.53pg/mL    	Competitive inhibition  	96T  	633.3	48T  	443.3	12 months  			https://www.reddotbiotech.ca/elisa_kits/product/6630/Rat_Bradykinin_BK_ELISA_Kit/
RDR-BK-Ra	Rat Bradykinin (BK) ELISA Kit	  	Rattus norvegicus Rat  	serum, plasma, tissue homogenates, cell lysates, cell culture supernatants and other biological fluids.  	31.2-2000pg/mL  	8.53pg/mL  	competitive inhibition  	96T  	664.97	48T  	465.47	12 months  			https://www.reddotbiotech.ca/elisa_kits/product/7844/Rat_Bradykinin_BK_ELISA_Kit/
RD-CYP2C19-Ra	Rat Cytochrome P450 2C19 (CYP2C19) ELISA Kit	CPCJ,CYP2C,CYPIIC17,CYPIIC19,P450C2C,Cytochrome P450-11A,Cytochrome P450-254C,Mephenytoin 4-hydroxylase,limonene 6-monooxygenase  	Rattus norvegicus Rat  	serum, plasma, tissue homogenates, cell lysates, cell culture supernatants and other biological fluids.  	0.781-50ng/mL  	0.29ng/mL  	sandwich  	96T  	760	48T  	532	12 months  	  	  	https://www.reddotbiotech.ca/elisa_kits/product/2196/Rat_Cytochrome_P450_2C19_CYP2C19_ELISA_Kit/
RDR-CYP2C19-Ra	Rat Cytochrome P450 2C19 (CYP2C19) ELISA Kit	CPCJ,CYP2C,CYPIIC17,CYPIIC19,P450C2C,Cytochrome P450-11A,Cytochrome P450-254C,Mephenytoin 4-hydroxylase,limonene 6-monooxygenase  	Rattus norvegicus Rat  	serum, plasma, tissue homogenates, cell lysates, cell culture supernatants and other biological fluids.  	0.781-50ng/mL  	0.29ng/mL  	sandwich  	96T  	798	48T  	558.6	12 months  			https://www.reddotbiotech.ca/elisa_kits/product/8229/Rat_Cytochrome_P450_2C19_CYP2C19_ELISA_Kit/
RD-D2D-Ra	Rat D-Dimer (D2D) ELISA Kit	D 2 Dimer  	Rattus norvegicus Rat  	plasma.  	78.125-5000ng/mL  	25.2ng/mL  	competitive inhibition  	96T  	633.3	48T  	443.3	12 months  	  	  	https://www.reddotbiotech.ca/elisa_kits/product/2222/Rat_D_Dimer_D2D_ELISA_Kit/
RDR-D2D-Ra	Rat D-Dimer (D2D) ELISA Kit	D 2 Dimer  	Rattus norvegicus Rat  	plasma.  	78.1-5000ng/mL  	25.2ng/mL  	competitive inhibition  	96T  	664.97	48T  	465.47	12 months  			https://www.reddotbiotech.ca/elisa_kits/product/7492/Rat_D_Dimer_D2D_ELISA_Kit/
RD-PCI-Ra	Rat Procollagen I (PCI) ELISA Kit	PCOL-I,PC-I,PC1,Type I Procollagen  	Rattus norvegicus Rat  	serum, plasma, tissue homogenates, cell lysates, cell culture supernatants and other biological fluids.  	0.781-50ng/mL  	0.36ng/mL  	sandwich  	96T  	633.3	48T  	443.3	12 months  	  	  	https://www.reddotbiotech.ca/elisa_kits/product/4620/Rat_Procollagen_I_PCI_ELISA_Kit/
RDR-PCI-Ra	Rat Procollagen I (PCI) ELISA Kit	PCOL-I,PC-I,PC1,Type I Procollagen  	Rattus norvegicus Rat  	serum, plasma, tissue homogenates, cell lysates, cell culture supernatants and other biological fluids.  	0.781-50ng/mL  	0.36ng/mL  	sandwich  	96T  	664.97	48T  	465.47	12 months  			https://www.reddotbiotech.ca/elisa_kits/product/7453/Rat_Procollagen_I_PCI_ELISA_Kit/
RD-Salusinb-Ra	Rat Salusin Beta ELISA Kit	SALb  	Rattus norvegicus Rat  	serum, plasma, tissue homogenates, cell lysates, cell culture supernatants and other biological fluids.  	31.25-2000pg/mL  	8.59pg/mL  	competitive inhibition  	96T  	696.7	48T  	487.7	12 months  			https://www.reddotbiotech.ca/elisa_kits/product/5246/Rat_Salusin_Beta_ELISA_Kit/
RDR-Salusinb-Ra	Rat Salusin Beta ELISA Kit	SALb  	Rattus norvegicus Rat  	serum, plasma, tissue homogenates, cell lysates, cell culture supernatants and other biological fluids.  	31.25-2000pg/mL  	8.59pg/mL  	competitive inhibition  	96T  	731.5	48T  	512	12 months  			https://www.reddotbiotech.ca/elisa_kits/product/13440/Rat_Salusin_Beta_ELISA_Kit/